[
    {
        "id":"1",
        "name":"Abhay",
        "train":"Taj Express",
        "source":"Jhansi",
        "destination":"New Delhi",
        "seat":"B5 23"
    },
    {
        "id":"2",
        "name":"Ajay",
        "train":"Git Jayanti Express",
        "source":"Mathura",
        "destination":"Kurukshetra",
        "seat":"A1 20"
    },
    {
        "id":"3",
        "name":"Aman",
        "train":"Ranthambore Express",
        "source":"Indore",
        "destination":"Jodhpur",
        "seat":"B2 12"
    },
    {
        "id":"4",
        "name":"Alok",
        "train":"Ispat Express",
        "source":"Howrah",
        "destination":"Titlaga",
        "seat":"A2 19"
    },
    {
        "id":"5",
        "name":"Ajit",
        "train":"Dhauli Express",
        "source":"Howrah",
        "destination":"Puri",
        "seat":"B3 34"
    },
    {
        "id":"6",
        "name":"Arun",
        "train":"Kaghaznagar express",
        "source":"Secunderabad",
        "destination":"Sirpur Kaghaznagar",
        "seat":"C2 12"
    },
    {
        "id":"7",
        "name":"Amit",
        "train":"Gujarat Queen Express",
        "source":"Valsad",
        "destination":"Ahmedabad",
        "seat":"C1 32"
    },
    {
        "id":"8",
        "name":"Akash",
        "train":"Gujarat expree",
        "source":"Mumbai Central",
        "destination":"Ahmedabad",
        "seat":"C1 23"
    },
    {
        "id":"9",
        "name":"Aryan",
        "train":"Karnavati Express",
        "source":"Mumbai Central",
        "destination":"Ahmedabad",
        "seat":"A3 45"
    },
    {
        "id":"10",
        "name":"Anup",
        "train":"Flying Ranee Express",
        "source":"Mumbai Central",
        "destination":"Surat",
        "seat":"B3 16"
    },
    {
        "id":"11",
        "name":"Amitesh",
        "train":"Ganadevata Express",
        "source":"Howrah",
        "destination":"Azimganj",
        "seat":"A2 43"
    },
    {
        "id":"12",
        "name":"Ajinkya",
        "train":"Hazarduari Express",
        "source":"Kolkata",
        "destination":"Lalgola",
        "seat":"C3 23"
    }
]