[
    {
        "train":"12279",
        "name":"Taj Express",
        "source":"Jhansi",
        "destination":"New Delhi"
    },
    {
        "train":"11901",
        "name":"Gita Jayanti express",
        "source":"Mathura",
        "destination":"Kurukshetra"
    },
    {
        "train":"12465",
        "name":"Ranthambore Express",
        "source":"Indore",
        "destination":"Jodhpur"
    },
    {
        "train":"12871",
        "name":"Ispat Express",
        "source":"Howrah",
        "destination":"Titlaga"
    },
    {
        "train":"12821",
        "name":"Dhauli express",
        "source":"Howrah",
        "destination":"Puri"
    },
    {
        "train":"12757",
        "name":"Kaghaznagar Express",
        "source":"Secunderabad",
        "destination":"Sirpur Kaghazna"
    },
    {
        "train":"19033",
        "name":"Gujarat Queen Express",
        "source":"Valsad",
        "destination":"Ahmedabad"
    },
    {
        "train":"22953",
        "name":"Gujarat Express",
        "source":"Mumbai Central",
        "destination":"Ahemdabad"
    },
    {
        "train":"12933",
        "name":"Karnavati Express",
        "source":"Mumbai Central",
        "destination":"Ahmedabad"
    },
    {
        "train":"12921",
        "name":"Flying Ranee Express",
        "source":"Mumbai Central",
        "destination":"Surat"
    },
    {
        "train":"13017",
        "name":"Ganadevata Express",
        "source":"Howrah",
        "destination":"Azimganj"
    },
    {
        "train":"13113",
        "name":"Hazarduari express",
        "source":"Kolkata",
        "destination":"Lalgola"
    }
]