[
    {
        "pid": "1",
        "name": "Srikar",
        "age": "24",
        "gender": "Male",
        "train": "Shatabdi",
        "status": "Confirm"
    },
    {
        "pid": "2",
        "name": "Srikanth",
        "age": "21",
        "gender": "Male",
        "train": "Telangana",
        "status": "Pending"
    },
    {
        "pid": "3",
        "name": "John Murphy",
        "age": "27",
        "gender": "Male",
        "train": "Shimla",
        "status": "Pending"
    },
    {
        "pid": "4",
        "name": "Reven Reyes",
        "age": "21",
        "gender": "Female",
        "train": "Cochin",
        "status": "Confirm"
    },
    {
        "pid": "5",
        "name": "Bellamy Blake",
        "age": "18",
        "gender": "Male",
        "train": "Delhi",
        "status": "Confirm"
    },
    {
        "pid": "6",
        "name": "Marie",
        "age": "26",
        "gender": "Female",
        "train": "Gujarat",
        "status": "Pending"
    },
    {
        "pid": "7",
        "name": "Asha",
        "age": "29",
        "gender": "Female",
        "train": "TamilNadu",
        "status": "Pending"
    },
    {
        "pid": "8",
        "name": "VasuDev",
        "age": "30",
        "gender": "Male",
        "train": "AP",
        "status": "Pending"
    },
    {
        "pid": "9",
        "name": "Kudrat",
        "age": "31",
        "gender": "Female",
        "train": "Haryana",
        "status": "Confirm"
    },
    {
        "pid": "10",
        "name": "Hitesh",
        "age": "21",
        "gender": "Male",
        "train": "Telangana",
        "status": "Pending"
    },
    {
        "pid": "11",
        "name": "Arjun",
        "age": "25",
        "gender": "Male",
        "train": "Telangana",
        "status": "Pending"
    }
]