[
    {
        "tid": "470012",
        "name": "Shatabdi",
        "source":"Delhi",
        "destination":"Hyderabad",
        "time":"22hrs",
        "capacity":"500"

    },
    {
        "tid": "473482",
        "name": "Himalayan",
        "source":"Jalpaiguri",
        "destination":"Darjeeling",
        "time":"30hrs",
        "capacity":"700"

    },
    {
        "tid": "290041",
        "name": "Mandovi Express",
        "source":"Mumbai",
        "destination":"Goa",
        "time":"12hrs",
        "capacity":"400"

    },
    {
        "tid": "008913",
        "name": "Nizamuddin",
        "source":"Delhi",
        "destination":"Chennai",
        "time":"26hrs",
        "capacity":"700"

    },
    {
        "tid": "678840",
        "name": "Golden Chariot",
        "source":"Mumbai",
        "destination":"Jaisalmer",
        "time":"40hrs",
        "capacity":"300"

    },
    {
        "tid": "934561",
        "name": "Goa Express",
        "source":"Londa",
        "destination":"Vasco Da Gama",
        "time":"20hrs",
        "capacity":"400"

    },
    {
        "tid": "776182",
        "name": "Telangana",
        "source":"Hyderbad",
        "destination":"Delhi",
        "time":"22hrs",
        "capacity":"1500"

    },
    {
        "tid": "549189",
        "name": "Rajhdhani",
        "source":"Delhi",
        "destination":"Bangaluru",
        "time":"40hrs",
        "capacity":"900"

    },
    {
        "tid": "359987",
        "name": "Awadh Express",
        "source":"Guwahati",
        "destination":"Silchar",
        "time":"19hrs",
        "capacity":"600"

    }
]