[
    {
    "id":"8088",
    "name":"Chandra",
    "date":"10/8/2020",
    "age" :"32",
    "train_id":"03218"
    },
    {
    "id":"8008",
    "name":"Chetan",
    "date":"11/8/2020",
    "age" :"30",
    "train_id":"03212"
    },
    {
    "id":"8887",
    "name":"Yashwanth",
    "date":"9/9/2016",
    "age" :"18",
    "train_id":"03218"
    },
    {
    "id":"9009",
    "name":"Teja",
    "date":"7/8/2018",
    "age" :"22",
    "train_id":"03212"
    },
    {
    "id":"8708",
    "name":"Prashanth",
    "date":"8/9/2012",
    "age" :"20",
    "train_id":"04783"
    },
    {
    "id":"8787",
    "name":"Sreeja",
    "date":"9/9/2019",
    "age" :"17",
    "train_id":"08082"
    },
    {
    "id":"9909",
    "name":"Rishika",
    "date":"7/6/2017",
    "age" :"20",
    "train_id":"04783"
    },
    {
    "id":"8888",
    "name":"Suresh",
    "date":"8/9/2018",
    "age" :"18",
    "train_id":"08082"
    }
]