[
    {
    "id":"03218",
    "name":"DNR BJU MEMU SPL",
    "arrival":"DANAPUR",
    "departure":"BARAUNI JN"
    },
    {
    "id":"03212",
    "name":"GAYA PATNA MEMU",
    "arrival":"GAYA JN",
    "departure":"PATNA JN"
    },
    {
    "id":"04783",
    "name":"BTI SOG SPECIAL",
    "arrival":"BHATINDA JN",
    "departure":"SURATGARH JN"
    },
    {
    "id":"08082",
    "name":"BQA VSU MEMU PASS",
    "arrival":"BANKURA",
    "departure":"BISHNUPUR"
    },
    {
    "id":"08087",
    "name":"VSU BQA MEMU PASS",
    "arrival":"BIDAR",
    "departure":"LATUR ROAD"
    },
    {
    "id":"31770",
    "name":"LGL RHA EMU",
    "arrival":"LALGOLA",
    "departure":"RANAGHAT JN"
    },
    {
    "id":"07689",
    "name":"SBRM AGTL DMU SPL",
    "arrival":"SABROOM",
    "departure":"SABROOM"
    },
    {
    "id":"08871",
    "name":"GONDIA DURG SPL",
    "arrival":"GONDIA DURG SPL",
    "departure":"DURG"
    }
    
]