[
  {
    "id": "1",
    "name": "Ritesh",
    "age": 22,
    "gender": "male",
    "mobile": 9083939390
  },
  {
    "id": "2",
    "name": "Varun",
    "age": 28,
    "gender": "male",
    "mobile": 9083879399
  },
  {
    "id": "3",
    "name": "Madhavi",
    "age": 48,
    "gender": "female",
    "mobile": 9089939390
  },
  {
    "id": "4",
    "name": "Rakesh",
    "age": 23,
    "gender": "male",
    "mobile": 9084939390
  },
  {
    "id": "5",
    "name": "Rohit",
    "age": 22,
    "gender": "male",
    "mobile": 7505050000
  },
  {
    "id": "6",
    "name": "Aarthi",
    "age": 28,
    "gender": "female",
    "mobile": 9383939390
  },
  {
    "id": "7",
    "name": "Anuroop",
    "age": 24,
    "gender": "male",
    "mobile": 7388388388
  },
  {
    "id": "8",
    "name": "Rapo",
    "age": 16,
    "gender": "female",
    "mobile": 9084939390
  },
  {
    "id": "9",
    "name": "Shruti",
    "age": 22,
    "gender": "female",
    "mobile": 82828282828
  },
  {
    "id": "10",
    "name": "Deeksha",
    "age": 28,
    "gender": "female",
    "mobile": 7892344567
  }
]
