[
  {
    "id": "1",
    "name": "Rajdhani Express",
    "source": "Secunderabad",
    "destination": "Delhi",
    "price": 1500
  },
  {
    "id": "2",
    "name": "Shatabdi Express",
    "source": "Mumbai",
    "destination": "Delhi",
    "price": 1800
  },
  {
    "id": "3",
    "name": "Bullet Express",
    "source": "Pune",
    "destination": "Banagaore",
    "price": 500
  },
  {
    "id": "4",
    "name": "SVN Express",
    "source": "Kolkata",
    "destination": "Delhi",
    "price": 1000
  },
  {
    "id": "5",
    "name": "Pune Express",
    "source": "Pune",
    "destination": "Gujarat",
    "price": 2000
  },
  {
    "id": "6",
    "name": "Metro Express",
    "source": "MP",
    "destination": "Pune",
    "price": 3000
  },
  {
    "id": "7",
    "name": "Rajdhani Express",
    "source": "Secunderabad",
    "destination": "Kanpur",
    "price": 3000
  },
  {
    "id": "8",
    "name": "Shivaji Express",
    "source": "Jaipur",
    "destination": "Assam",
    "price": 2000
  },
  {
    "id": "9",
    "name": "Mirzapur Express",
    "source": "Mirzapur",
    "destination": "Jaunpur",
    "price": 200
  },
  {
    "id": "10",
    "name": "Delhi Express",
    "source": "Delhi",
    "destination": "Kerala",
    "price": 2500
  }
]
