[
    {
    "id":"1001",
    "name":"Kumar",
    "date":"10/10/2020",
    "age" :"32",
    "train_id":"12345"
    },
    {
    "id":"1002",
    "name":"Raj",
    "date":"11/10/2020",
    "age" :"35",
    "train_id":"87658"
    },
    {
    "id":"1003",
    "name":"Madhu",
    "date":"9/10/2020",
    "age" :"48",
    "train_id":"98876"
    },
    {
    "id":"1004",
    "name":"Saurav",
    "date":"9/10/2020",
    "age" :"27",
    "train_id":"04532"
    },
    {
    "id":"1005",
    "name":"Arya",
    "date":"8/10/2020",
    "age" :"18",
    "train_id":"45673"
    }
]