[
    {
    "id":"33456",
    "name":"Patna Gaya MEMU SPL",
    "arrival":"Gaya",
    "departure":"Patna JN"
    },
    {
    "id":"045321",
    "name":"Janshatabdi",
    "arrival":"Howrah",
    "departure":"PATNA"
    },
    {
    "id":"04562",
    "name":"Kolkata SPECIAL",
    "arrival":"Patna JN",
    "departure":"Kolkata"
    },
    {
    "id":"76521",
    "name":"Jehanabad passenger",
    "arrival":"Patna",
    "departure":"Jehanabad"
    },
    {
    "id":"09876",
    "name":"Poorva express",
    "arrival":"Patna",
    "departure":"Howrah"
    },
    {
    "id":"31770",
    "name":"Capital Express",
    "arrival":"Katihar",
    "departure":"Danapur"
    }
    
]